{
    "data": [
        {
            "text": "hello",
            "entities": [
                {
                    "entity": "intent",
                    "value": "\"greeting\""
                },
                {
                    "entity": "greetings",
                    "value": "\"true\""
                }
            ]
        },
        {
            "text": "hello iona",
            "entities": [
                {
                    "entity": "intent",
                    "value": "\"greeting\""
                },
                {
                    "entity": "greetings",
                    "value": "\"true\""
                },
                {
                    "entity": "contact",
                    "value": "\"iona\"",
                    "start": 6,
                    "end": 10
                }
            ]
        },
        {
            "text": "hello alexa",
            "entities": [
                {
                    "entity": "intent",
                    "value": "\"greeting\""
                },
                {
                    "entity": "greetings",
                    "value": "\"true\""
                },
                {
                    "entity": "contact",
                    "value": "\"alexa\"",
                    "start": 6,
                    "end": 11
                }
            ]
        },
        {
            "text": "hi iona",
            "entities": [
                {
                    "entity": "intent",
                    "value": "\"greeting\""
                },
                {
                    "entity": "greetings",
                    "value": "\"true\""
                },
                {
                    "entity": "contact",
                    "value": "\"iona\"",
                    "start": 3,
                    "end": 7
                }
            ]
        }
    ]
}
